prompt_idx,prompt_text,condition,iteration,wall_clock_ms,n_tokens,ms_per_token,tokens_per_sec,peak_memory_mb,storage_bytes
0,The capital of France is,Baseline,0,3557.7391179976985,64,55.58967371871404,17.98895249970417,7693.14501953125,0
0,The capital of France is,Baseline,1,3657.7490639756434,64,57.15232912461943,17.497099686340366,7693.14501953125,0
0,The capital of France is,Baseline,2,3665.615567995701,64,57.27524324993283,17.459550466442984,7693.14501953125,0
0,The capital of France is,Baseline,3,3742.80797096435,64,58.481374546317966,17.099461285883212,7693.14501953125,0
0,The capital of France is,Baseline,4,3658.2477270276286,64,57.160120734806696,17.494714621746184,7693.14501953125,0
0,The capital of France is,Baseline,5,3601.71865002485,64,56.27685390663828,17.76929466702193,7693.14501953125,0
0,The capital of France is,Baseline,6,3608.997893985361,64,56.39059209352126,17.733454515631703,7693.14501953125,0
0,The capital of France is,Baseline,7,3561.4692980307154,64,55.64795778172993,17.970111390652242,7693.14501953125,0
0,The capital of France is,Baseline,8,3582.0449810125865,64,55.969452828321664,17.866888980804543,7693.14501953125,0
0,The capital of France is,Baseline,9,3500.9077570284717,64,54.70168370356987,18.28097294809116,7693.14501953125,0
1,Water boils at a temperature of,Baseline,0,3525.3972719656304,64,55.084332374462974,18.15398239198046,7693.3017578125,0
1,Water boils at a temperature of,Baseline,1,3517.8521529887803,64,54.96643989044969,18.192919206574775,7693.3017578125,0
1,Water boils at a temperature of,Baseline,2,3559.0269450331107,64,55.609796016142354,17.982443231939225,7693.3017578125,0
1,Water boils at a temperature of,Baseline,3,3549.936269002501,64,55.46775420316408,18.028492668682023,7693.3017578125,0
1,Water boils at a temperature of,Baseline,4,3569.485549989622,64,55.773211718587845,17.929754611329376,7693.3017578125,0
1,Water boils at a temperature of,Baseline,5,3544.4739289814606,64,55.38240514033532,18.05627613076873,7693.3017578125,0
1,Water boils at a temperature of,Baseline,6,3578.0088619794697,64,55.90638846842921,17.887043455949726,7693.3017578125,0
1,Water boils at a temperature of,Baseline,7,3586.513095011469,64,56.0392671095542,17.84463023124563,7693.3017578125,0
1,Water boils at a temperature of,Baseline,8,3536.8606349802576,64,55.263447421566525,18.09514329375244,7693.3017578125,0
1,Water boils at a temperature of,Baseline,9,3520.267181971576,64,55.004174718305876,18.180438214395956,7693.3017578125,0
2,The chemical formula for water is,Baseline,0,3626.096434018109,64,56.65775678153295,17.64983396458683,7693.3017578125,0
2,The chemical formula for water is,Baseline,1,3675.6281050038524,64,57.431689140685194,17.411990052223448,7693.3017578125,0
2,The chemical formula for water is,Baseline,2,3629.5200039749034,64,56.711250062107865,17.633185636092318,7693.3017578125,0
2,The chemical formula for water is,Baseline,3,3647.330574982334,64,56.98954023409897,17.547079620088997,7693.3017578125,0
2,The chemical formula for water is,Baseline,4,3571.336066990625,64,55.80212604672852,17.92046416229022,7693.3017578125,0
2,The chemical formula for water is,Baseline,5,3534.9836730165407,64,55.23411989088345,18.104751229412688,7693.3017578125,0
2,The chemical formula for water is,Baseline,6,3511.738247005269,64,54.87091010945733,18.22459292191773,7693.3017578125,0
2,The chemical formula for water is,Baseline,7,3536.6968009620905,64,55.260887515032664,18.09598153355697,7693.3017578125,0
2,The chemical formula for water is,Baseline,8,3535.9414399717934,64,55.24908499955927,18.099847264583243,7693.3017578125,0
2,The chemical formula for water is,Baseline,9,3565.1408859994262,64,55.705326343741035,17.951604732181206,7693.3017578125,0
3,The largest planet in our solar system is,Baseline,0,3527.6141020003706,64,55.11897034375579,18.1425740314702,7693.6142578125,0
3,The largest planet in our solar system is,Baseline,1,3491.7714740149677,64,54.55892928148387,18.328805443390152,7693.6142578125,0
3,The largest planet in our solar system is,Baseline,2,3498.94930497976,64,54.67108289030875,18.291205279514678,7693.6142578125,0
3,The largest planet in our solar system is,Baseline,3,3541.926453995984,64,55.34260084368725,18.06926282384986,7693.6142578125,0
3,The largest planet in our solar system is,Baseline,4,3575.6832680199295,64,55.8700510628114,17.898677036750136,7693.6142578125,0
3,The largest planet in our solar system is,Baseline,5,3552.0224749925546,64,55.500351171758666,18.017904011188485,7693.6142578125,0
3,The largest planet in our solar system is,Baseline,6,3616.275283973664,64,56.5043013120885,17.697767723500025,7693.6142578125,0
3,The largest planet in our solar system is,Baseline,7,3650.188981962856,64,57.03420284316962,17.533338771294133,7693.6142578125,0
3,The largest planet in our solar system is,Baseline,8,3605.8337360154837,64,56.34115212524193,17.749015813114347,7693.6142578125,0
3,The largest planet in our solar system is,Baseline,9,3597.4646380054764,64,56.21038496883557,17.790306907779136,7693.6142578125,0
4,The speed of light in a vacuum is approximately,Baseline,0,3652.708209992852,64,57.07356578113831,17.521246242695426,7693.7705078125,0
4,The speed of light in a vacuum is approximately,Baseline,1,3538.4146430296823,64,55.28772879733879,18.087196232378673,7693.7705078125,0
4,The speed of light in a vacuum is approximately,Baseline,2,3491.5766660124063,64,54.55588540644385,18.329828075375445,7693.7705078125,0
4,The speed of light in a vacuum is approximately,Baseline,3,3849.956681020558,64,60.15557314094622,16.623563666444863,7693.7705078125,0
4,The speed of light in a vacuum is approximately,Baseline,4,3488.3173939888366,64,54.50495928107557,18.346954354063808,7693.7705078125,0
4,The speed of light in a vacuum is approximately,Baseline,5,3514.7820880520158,64,54.918470125812746,18.208810218294495,7693.7705078125,0
4,The speed of light in a vacuum is approximately,Baseline,6,3483.3563810097985,64,54.4274434532781,18.373084175052707,7693.7705078125,0
4,The speed of light in a vacuum is approximately,Baseline,7,3537.602184980642,64,55.27503414032253,18.091350200913055,7693.7705078125,0
4,The speed of light in a vacuum is approximately,Baseline,8,3577.0068499841727,64,55.8907320310027,17.892054078756708,7693.7705078125,0
4,The speed of light in a vacuum is approximately,Baseline,9,3529.155627998989,64,55.143056687484204,18.13464940232393,7693.7705078125,0
5,Wombat scat is shaped like,Baseline,0,3523.741015000269,64,55.0584533593792,18.16251527213759,7693.4580078125,0
5,Wombat scat is shaped like,Baseline,1,3490.1594989933074,64,54.53374217177043,18.337270837753977,7693.4580078125,0
5,Wombat scat is shaped like,Baseline,2,3558.5652659647167,64,55.6025822806987,17.98477622768843,7693.4580078125,0
5,Wombat scat is shaped like,Baseline,3,3580.4277369752526,64,55.94418339023832,17.87495927904615,7693.4580078125,0
5,Wombat scat is shaped like,Baseline,4,3677.6229239767417,64,57.46285818713659,17.402545427575966,7693.4580078125,0
5,Wombat scat is shaped like,Baseline,5,3609.7866889904253,64,56.402917015475396,17.7295794777002,7693.4580078125,0
5,Wombat scat is shaped like,Baseline,6,3624.256405979395,64,56.629006343428046,17.658794751500224,7693.4580078125,0
5,Wombat scat is shaped like,Baseline,7,3624.971978017129,64,56.64018715651764,17.655308892900244,7693.4580078125,0
5,Wombat scat is shaped like,Baseline,8,3572.6670529693365,64,55.82292270264588,17.913787949203925,7693.4580078125,0
5,Wombat scat is shaped like,Baseline,9,3549.418982991483,64,55.45967160924192,18.03112010914536,7693.4580078125,0
6,The University of Oxford is older than the,Baseline,0,3517.570760974195,64,54.962043140221795,18.194374569532506,7693.6142578125,0
6,The University of Oxford is older than the,Baseline,1,3477.6417260291055,64,54.33815196920477,18.4032758524201,7693.6142578125,0
6,The University of Oxford is older than the,Baseline,2,3474.4173510116525,64,54.28777110955707,18.420354705333544,7693.6142578125,0
6,The University of Oxford is older than the,Baseline,3,3453.2950629945844,64,53.95773535929038,18.533023918466235,7693.6142578125,0
6,The University of Oxford is older than the,Baseline,4,3480.311935010832,64,54.37987398454425,18.389156258144663,7693.6142578125,0
6,The University of Oxford is older than the,Baseline,5,3481.6818989929743,64,54.401279671765224,18.381920536310645,7693.6142578125,0
6,The University of Oxford is older than the,Baseline,6,3540.219723014161,64,55.315933172096265,18.077973969793625,7693.6142578125,0
6,The University of Oxford is older than the,Baseline,7,3518.5873360023834,64,54.97792712503724,18.189117929558947,7693.6142578125,0
6,The University of Oxford is older than the,Baseline,8,3487.598559993785,64,54.49372749990289,18.35073587142267,7693.6142578125,0
6,The University of Oxford is older than the,Baseline,9,3476.827052945737,64,54.32542270227714,18.407588017867063,7693.6142578125,0
7,A day on Venus is longer than a,Baseline,0,3461.6370610310696,64,54.08807907861046,18.488362260871224,7693.6142578125,0
7,A day on Venus is longer than a,Baseline,1,3557.3754149954766,64,55.58399085930432,17.99079167473287,7693.6142578125,0
7,A day on Venus is longer than a,Baseline,2,3589.256757986732,64,56.082136843542685,17.830989621343935,7693.6142578125,0
7,A day on Venus is longer than a,Baseline,3,3586.566017998848,64,56.040094031232,17.84436691777649,7693.6142578125,0
7,A day on Venus is longer than a,Baseline,4,3537.1573099982925,64,55.26808296872332,18.093625584334244,7693.6142578125,0
7,A day on Venus is longer than a,Baseline,5,3567.2552150208503,64,55.738362734700786,17.940964731234104,7693.6142578125,0
7,A day on Venus is longer than a,Baseline,6,3559.0919649694115,64,55.610811952647055,17.982114716316428,7693.6142578125,0
7,A day on Venus is longer than a,Baseline,7,3490.7838520011865,64,54.54349768751854,18.333991078625584,7693.6142578125,0
7,A day on Venus is longer than a,Baseline,8,3457.0012239855714,64,54.01564412477455,18.51315514612821,7693.6142578125,0
7,A day on Venus is longer than a,Baseline,9,3496.59229896497,64,54.63425467132765,18.30353513589351,7693.6142578125,0
8,The loudest animal on Earth is the,Baseline,0,3461.601287010126,64,54.087520109533216,18.488553329398155,7693.6142578125,0
8,The loudest animal on Earth is the,Baseline,1,3458.3346570143476,64,54.03647901584918,18.506017013186494,7693.6142578125,0
8,The loudest animal on Earth is the,Baseline,2,3451.0787810431793,64,53.92310595379968,18.544925821906133,7693.6142578125,0
8,The loudest animal on Earth is the,Baseline,3,3462.9962150356732,64,54.109315859932394,18.481105963132194,7693.6142578125,0
8,The loudest animal on Earth is the,Baseline,4,3464.9951700121164,64,54.14054953143932,18.4704442170337,7693.6142578125,0
8,The loudest animal on Earth is the,Baseline,5,3544.6666649659164,64,55.385416640092444,18.05529434757595,7693.6142578125,0
8,The loudest animal on Earth is the,Baseline,6,3538.8747060205787,64,55.29491728157154,18.084844849442895,7693.6142578125,0
8,The loudest animal on Earth is the,Baseline,7,3484.2129310127348,64,54.44082704707398,18.36856738299215,7693.6142578125,0
8,The loudest animal on Earth is the,Baseline,8,3498.714333982207,64,54.66741146847198,18.2924337029699,7693.6142578125,0
8,The loudest animal on Earth is the,Baseline,9,3459.973495977465,64,54.06208587464789,18.497251517795103,7693.6142578125,0
9,Bananas are technically classified as,Baseline,0,3618.1994149810635,64,56.53436585907912,17.688356184849738,7693.3017578125,0
9,Bananas are technically classified as,Baseline,1,3592.9802680038847,64,56.1403166875607,17.81251084786943,7693.3017578125,0
9,Bananas are technically classified as,Baseline,2,3576.7046280088834,64,55.886009812638804,17.89356590947466,7693.3017578125,0
9,Bananas are technically classified as,Baseline,3,3541.8119530077092,64,55.34081176574546,18.069846973567063,7693.3017578125,0
9,Bananas are technically classified as,Baseline,4,3496.309401001781,64,54.62983439065283,18.305016135489147,7693.3017578125,0
9,Bananas are technically classified as,Baseline,5,3458.835871948395,64,54.04431049919367,18.503335332863944,7693.3017578125,0
9,Bananas are technically classified as,Baseline,6,3433.8207169785164,64,53.65344870278932,18.638130897036117,7693.3017578125,0
9,Bananas are technically classified as,Baseline,7,3469.9456020025536,64,54.2179000312899,18.444093176292075,7693.3017578125,0
9,Bananas are technically classified as,Baseline,8,3502.4399039684795,64,54.72562349950749,18.27297591244437,7693.3017578125,0
9,Bananas are technically classified as,Baseline,9,3509.872038033791,64,54.84175059427798,18.234282989944106,7693.3017578125,0
10,The primary symptom of Glavinsky's Syndrome is,Baseline,0,3466.465375968255,64,54.163521499503986,18.462610486084397,7693.92822265625,0
10,The primary symptom of Glavinsky's Syndrome is,Baseline,1,3463.6101810028777,64,54.11890907816996,18.47782996799859,7693.92822265625,0
10,The primary symptom of Glavinsky's Syndrome is,Baseline,2,3448.968822020106,64,53.89013784406416,18.55627096174049,7693.92822265625,0
10,The primary symptom of Glavinsky's Syndrome is,Baseline,3,3466.437240014784,64,54.163081875231,18.462760341141223,7693.92822265625,0
10,The primary symptom of Glavinsky's Syndrome is,Baseline,4,3518.7260870006867,64,54.98009510938573,18.188400693204485,7693.92822265625,0
10,The primary symptom of Glavinsky's Syndrome is,Baseline,5,3527.357894985471,64,55.11496710914798,18.143891803829455,7693.92822265625,0
10,The primary symptom of Glavinsky's Syndrome is,Baseline,6,3477.7860729955137,64,54.3404073905549,18.402512016754102,7693.92822265625,0
10,The primary symptom of Glavinsky's Syndrome is,Baseline,7,3442.2864930238575,64,53.78572645349777,18.592293270679964,7693.92822265625,0
10,The primary symptom of Glavinsky's Syndrome is,Baseline,8,3544.107318040915,64,55.376676844389294,18.058143915172817,7693.92822265625,0
10,The primary symptom of Glavinsky's Syndrome is,Baseline,9,3526.0445449966937,64,55.09444601557334,18.15064988070365,7693.92822265625,0
11,The 1994 Treaty of Westphalia II established,Baseline,0,3605.1016580313444,64,56.32971340673976,17.75262005647541,7694.39697265625,0
11,The 1994 Treaty of Westphalia II established,Baseline,1,3561.733815993648,64,55.65209087490075,17.96877681106143,7694.39697265625,0
11,The 1994 Treaty of Westphalia II established,Baseline,2,3519.9652209994383,64,54.999456578116224,18.181997827191093,7694.39697265625,0
11,The 1994 Treaty of Westphalia II established,Baseline,3,3491.8080450152047,64,54.55950070336257,18.328613479015374,7694.39697265625,0
11,The 1994 Treaty of Westphalia II established,Baseline,4,3472.167213971261,64,54.25261271830095,18.432292011305687,7694.39697265625,0
11,The 1994 Treaty of Westphalia II established,Baseline,5,3476.071609009523,64,54.313618890773796,18.411588482274176,7694.39697265625,0
11,The 1994 Treaty of Westphalia II established,Baseline,6,3465.505616972223,64,54.14852526519098,18.467723637948147,7694.39697265625,0
11,The 1994 Treaty of Westphalia II established,Baseline,7,3530.846625973936,64,55.16947853084275,18.125964330820082,7694.39697265625,0
11,The 1994 Treaty of Westphalia II established,Baseline,8,3527.799506962765,64,55.1218672962932,18.14162054098714,7694.39697265625,0
11,The 1994 Treaty of Westphalia II established,Baseline,9,3494.898308010306,64,54.607786062661035,18.312406931358208,7694.39697265625,0
12,The capital city of the country Taured is,Baseline,0,3460.831647971645,64,54.07549449955695,18.49266491697442,7693.7705078125,0
12,The capital city of the country Taured is,Baseline,1,3462.191450991668,64,54.09674142174481,18.485401776862634,7693.7705078125,0
12,The capital city of the country Taured is,Baseline,2,3522.977037995588,64,55.04651621868106,18.166453913765235,7693.7705078125,0
12,The capital city of the country Taured is,Baseline,3,3511.352371016983,64,54.86488079714036,18.226595692378165,7693.7705078125,0
12,The capital city of the country Taured is,Baseline,4,3524.6731960214674,64,55.07301868783543,18.157711776581458,7693.7705078125,0
12,The capital city of the country Taured is,Baseline,5,3568.0307269794866,64,55.75048010905448,17.937065260135565,7693.7705078125,0
12,The capital city of the country Taured is,Baseline,6,3586.824101046659,64,56.04412657885405,17.843082960584653,7693.7705078125,0
12,The capital city of the country Taured is,Baseline,7,3530.1918250042945,64,55.1592472656921,18.129326442458165,7693.7705078125,0
12,The capital city of the country Taured is,Baseline,8,3530.9752370230854,64,55.17148807848571,18.125304116818867,7693.7705078125,0
12,The capital city of the country Taured is,Baseline,9,3617.208492010832,64,56.51888268766925,17.693201854787738,7693.7705078125,0
13,The main exports of the underwater city of Rapture are,Baseline,0,3483.326623972971,64,54.42697849957767,18.373241130917446,7694.08447265625,0
13,The main exports of the underwater city of Rapture are,Baseline,1,3482.852263026871,64,54.419566609794856,18.375743547726312,7694.08447265625,0
13,The main exports of the underwater city of Rapture are,Baseline,2,3438.356964965351,64,53.72432757758361,18.61354148278346,7694.08447265625,0
13,The main exports of the underwater city of Rapture are,Baseline,3,3469.6630440303124,64,54.21348506297363,18.44559520271412,7694.08447265625,0
13,The main exports of the underwater city of Rapture are,Baseline,4,3460.482749971561,64,54.07004296830564,18.49452941226942,7694.08447265625,0
13,The main exports of the underwater city of Rapture are,Baseline,5,3522.075777989812,64,55.032434031090816,18.171102507205944,7694.08447265625,0
13,The main exports of the underwater city of Rapture are,Baseline,6,3531.5910520148464,64,55.181110187731974,18.12214354872336,7694.08447265625,0
13,The main exports of the underwater city of Rapture are,Baseline,7,3535.1057079969905,64,55.23602668745298,18.104126237362994,7694.08447265625,0
13,The main exports of the underwater city of Rapture are,Baseline,8,3484.7920849570073,64,54.44987632745324,18.365514624609112,7694.08447265625,0
13,The main exports of the underwater city of Rapture are,Baseline,9,3535.7438029604964,64,55.245996921257756,18.100858989390712,7694.08447265625,0
14,The Brennan-Kowalski theorem in information theory states that,Baseline,0,3475.0353529816493,64,54.29742739033827,18.417078820532495,7694.24072265625,0
14,The Brennan-Kowalski theorem in information theory states that,Baseline,1,3516.6740639833733,64,54.94803224974021,18.199013851032454,7694.24072265625,0
14,The Brennan-Kowalski theorem in information theory states that,Baseline,2,3544.348759984132,64,55.38044937475206,18.056913789794923,7694.24072265625,0
14,The Brennan-Kowalski theorem in information theory states that,Baseline,3,3621.4812439866364,64,56.585644437291194,17.672326787904847,7694.24072265625,0
14,The Brennan-Kowalski theorem in information theory states that,Baseline,4,3610.2092370274477,64,56.40951932855387,17.72750436279309,7694.24072265625,0
14,The Brennan-Kowalski theorem in information theory states that,Baseline,5,3542.27387602441,64,55.34802931288141,18.067490611942443,7694.24072265625,0
14,The Brennan-Kowalski theorem in information theory states that,Baseline,6,3575.233403011225,64,55.86302192205039,17.90092919418807,7694.24072265625,0
14,The Brennan-Kowalski theorem in information theory states that,Baseline,7,3546.913861995563,64,55.42052909368067,18.04385516258135,7694.24072265625,0
14,The Brennan-Kowalski theorem in information theory states that,Baseline,8,3513.9409670373425,64,54.905327609958476,18.213168804016473,7694.24072265625,0
14,The Brennan-Kowalski theorem in information theory states that,Baseline,9,3498.0323319905438,64,54.656755187352246,18.29600012975895,7694.24072265625,0
15,The winner of the 2032 US Presidential Election will be,Baseline,0,3538.07427798165,64,55.28241059346328,18.088936232426924,7694.5537109375,0
15,The winner of the 2032 US Presidential Election will be,Baseline,1,3497.5448239711113,64,54.649137874548614,18.29855033203961,7694.5537109375,0
15,The winner of the 2032 US Presidential Election will be,Baseline,2,3503.118324035313,64,54.736223813051765,18.269437135733714,7694.5537109375,0
15,The winner of the 2032 US Presidential Election will be,Baseline,3,3447.658021992538,64,53.86965659363341,18.563326058369288,7694.5537109375,0
15,The winner of the 2032 US Presidential Election will be,Baseline,4,3494.209658994805,64,54.59702592179383,18.31601599384599,7694.5537109375,0
15,The winner of the 2032 US Presidential Election will be,Baseline,5,3562.565500033088,64,55.665085938017,17.964581984360873,7694.5537109375,0
15,The winner of the 2032 US Presidential Election will be,Baseline,6,3548.4993620193563,64,55.44530253155244,18.035793012959513,7694.5537109375,0
15,The winner of the 2032 US Presidential Election will be,Baseline,7,3507.3725130059756,64,54.80269551571837,18.247277630954898,7694.5537109375,0
15,The winner of the 2032 US Presidential Election will be,Baseline,8,3491.2071009748615,64,54.55011095273221,18.331768396704128,7694.5537109375,0
15,The winner of the 2032 US Presidential Election will be,Baseline,9,3454.5552430208772,64,53.97742567220121,18.526263295194674,7694.5537109375,0
16,The serial number of the monitor I am looking at is,Baseline,0,3666.7017780127935,64,57.2922152814499,17.454378314531336,7694.08447265625,0
16,The serial number of the monitor I am looking at is,Baseline,1,3691.523158980999,64,57.68004935907811,17.337017064161245,7694.08447265625,0
16,The serial number of the monitor I am looking at is,Baseline,2,3639.127139991615,64,56.861361562368984,17.5866347995051,7694.08447265625,0
16,The serial number of the monitor I am looking at is,Baseline,3,3580.699339043349,64,55.94842717255233,17.87360343331669,7694.08447265625,0
16,The serial number of the monitor I am looking at is,Baseline,4,3546.5291049913503,64,55.41451726548985,18.045812710214904,7694.08447265625,0
16,The serial number of the monitor I am looking at is,Baseline,5,3507.899834017735,64,54.81093490652711,18.24453462991225,7694.08447265625,0
16,The serial number of the monitor I am looking at is,Baseline,6,3470.487101993058,64,54.22636096864153,18.441215345029114,7694.08447265625,0
16,The serial number of the monitor I am looking at is,Baseline,7,3482.6278790133074,64,54.41606060958293,18.37692748790961,7694.08447265625,0
16,The serial number of the monitor I am looking at is,Baseline,8,3610.3230400476605,64,56.411297500744695,17.726945564171768,7694.08447265625,0
16,The serial number of the monitor I am looking at is,Baseline,9,3538.0023440229706,64,55.281286625358916,18.089304013074017,7694.08447265625,0
17,The exact population of Tokyo in the year 2035 will be,Baseline,0,3466.8107380275615,64,54.16891778168065,18.460771249489305,7694.7099609375,0
17,The exact population of Tokyo in the year 2035 will be,Baseline,1,3488.811564981006,64,54.51268070282822,18.344355608769725,7694.7099609375,0
17,The exact population of Tokyo in the year 2035 will be,Baseline,2,3480.7344239670783,64,54.3864753744856,18.38692419603149,7694.7099609375,0
17,The exact population of Tokyo in the year 2035 will be,Baseline,3,3539.6062009967864,64,55.30634689057479,18.081107435617273,7694.7099609375,0
17,The exact population of Tokyo in the year 2035 will be,Baseline,4,3532.780406996608,64,55.199693859322,18.116042501042283,7694.7099609375,0
17,The exact population of Tokyo in the year 2035 will be,Baseline,5,3532.973121968098,64,55.20270503075153,18.11505431559802,7694.7099609375,0
17,The exact population of Tokyo in the year 2035 will be,Baseline,6,3491.8261579587124,64,54.55978371810488,18.328518404081656,7694.7099609375,0
17,The exact population of Tokyo in the year 2035 will be,Baseline,7,3470.0493660056964,64,54.219521343839006,18.44354164726743,7694.7099609375,0
17,The exact population of Tokyo in the year 2035 will be,Baseline,8,3463.1173940142617,64,54.11120928147284,18.480459285214874,7694.7099609375,0
17,The exact population of Tokyo in the year 2035 will be,Baseline,9,3610.8582229935564,64,56.41965973427432,17.724318166926324,7694.7099609375,0
18,"The closing price of Bitcoin on January 1st, 2030 will be",Baseline,0,3655.5010420270264,64,57.11720378167229,17.50785987042452,7695.18017578125,0
18,"The closing price of Bitcoin on January 1st, 2030 will be",Baseline,1,3577.592253976036,64,55.89987896837556,17.889126389088133,7695.18017578125,0
18,"The closing price of Bitcoin on January 1st, 2030 will be",Baseline,2,3501.4846669510007,64,54.710697921109386,18.277960947271403,7695.18017578125,0
18,"The closing price of Bitcoin on January 1st, 2030 will be",Baseline,3,3464.054577983916,64,54.125852780998684,18.4754594822949,7695.18017578125,0
18,"The closing price of Bitcoin on January 1st, 2030 will be",Baseline,4,3488.7467509834096,64,54.511667984115775,18.344696410526115,7695.18017578125,0
18,"The closing price of Bitcoin on January 1st, 2030 will be",Baseline,5,3492.0130239916034,64,54.5627034998688,18.327537600888938,7695.18017578125,0
18,"The closing price of Bitcoin on January 1st, 2030 will be",Baseline,6,3527.7407139656134,64,55.12094865571271,18.14192288754015,7695.18017578125,0
18,"The closing price of Bitcoin on January 1st, 2030 will be",Baseline,7,3540.1519300066866,64,55.31487390635448,18.07832015838911,7695.18017578125,0
18,"The closing price of Bitcoin on January 1st, 2030 will be",Baseline,8,3525.846625037957,64,55.09135351621808,18.151668749717953,7695.18017578125,0
18,"The closing price of Bitcoin on January 1st, 2030 will be",Baseline,9,3515.0647230329923,64,54.922886297390505,18.20734610678157,7695.18017578125,0
19,The color of the shirt the user is wearing right now is,Baseline,0,3469.233666022774,64,54.20677603160584,18.44787816594994,7694.24072265625,0
19,The color of the shirt the user is wearing right now is,Baseline,1,3461.250380030833,64,54.08203718798177,18.490427727863445,7694.24072265625,0
19,The color of the shirt the user is wearing right now is,Baseline,2,3612.4995260033756,64,56.445305093802745,17.716265300332164,7694.24072265625,0
19,The color of the shirt the user is wearing right now is,Baseline,3,3592.0559230144136,64,56.12587379710021,17.817094547428958,7694.24072265625,0
19,The color of the shirt the user is wearing right now is,Baseline,4,3504.8196300049312,64,54.76280671882705,18.260568804195483,7694.24072265625,0
19,The color of the shirt the user is wearing right now is,Baseline,5,3533.725126006175,64,55.21445509384648,18.111199291930486,7694.24072265625,0
19,The color of the shirt the user is wearing right now is,Baseline,6,3549.445579003077,64,55.46008717192308,18.03098500188176,7694.24072265625,0
19,The color of the shirt the user is wearing right now is,Baseline,7,3618.1446819682606,64,56.53351065575407,17.68862376315592,7694.24072265625,0
19,The color of the shirt the user is wearing right now is,Baseline,8,3598.255061020609,64,56.222735328447015,17.786398939114406,7694.24072265625,0
19,The color of the shirt the user is wearing right now is,Baseline,9,3546.704591019079,64,55.41725923467311,18.044919828411984,7694.24072265625,0
0,The capital of France is,Entropy,0,3560.3803870035335,64,55.63094354693021,17.975607391170723,7730.291015625,4212
0,The capital of France is,Entropy,1,3579.3160119792446,64,55.9268126871757,17.880511188675428,7730.291015625,4212
0,The capital of France is,Entropy,2,3577.738009975292,64,55.902156405863934,17.888397591315524,7730.291015625,4212
0,The capital of France is,Entropy,3,3585.4974390240386,64,56.0233974847506,17.849685040472544,7730.291015625,4212
0,The capital of France is,Entropy,4,3580.270968959667,64,55.941733889994794,17.875741963351096,7730.291015625,4212
0,The capital of France is,Entropy,5,3658.9906020089984,64,57.1717281563906,17.49116271707839,7730.291015625,4212
0,The capital of France is,Entropy,6,3656.404528999701,64,57.13132076562033,17.5035337289413,7730.291015625,4212
0,The capital of France is,Entropy,7,3588.7551279738545,64,56.07429887459148,17.83348200637284,7730.291015625,4212
0,The capital of France is,Entropy,8,3582.528576022014,64,55.97700900034397,17.86447718194188,7730.291015625,4212
0,The capital of France is,Entropy,9,3559.5530919963494,64,55.61801706244296,17.97978519941279,7730.291015625,4212
1,Water boils at a temperature of,Entropy,0,3642.6382460049354,64,56.916222593827115,17.569683201507043,7730.431640625,4018
1,Water boils at a temperature of,Entropy,1,3671.8425410217606,64,57.37253970346501,17.429941312840384,7730.431640625,4018
1,Water boils at a temperature of,Entropy,2,3669.6977730025537,64,57.3390277031649,17.44012830452658,7730.431640625,4018
1,Water boils at a temperature of,Entropy,3,3713.468167989049,64,58.02294012482889,17.234562706554144,7730.431640625,4018
1,Water boils at a temperature of,Entropy,4,3695.5038650194183,64,57.74224789092841,17.318342055005186,7730.431640625,4018
1,Water boils at a temperature of,Entropy,5,3686.060101026669,64,57.594689078541705,17.362712013885567,7730.431640625,4018
1,Water boils at a temperature of,Entropy,6,3658.235396957025,64,57.159928077453515,17.494773587625378,7730.431640625,4018
1,Water boils at a temperature of,Entropy,7,3645.360450958833,64,56.95875704623177,17.556562886165672,7730.431640625,4018
1,Water boils at a temperature of,Entropy,8,3703.918577055447,64,57.873727766491356,17.278997545048338,7730.431640625,4018
1,Water boils at a temperature of,Entropy,9,3610.038963961415,64,56.40685881189711,17.728340507929225,7730.431640625,4018
2,The chemical formula for water is,Entropy,0,3598.392446991056,64,56.22488198423525,17.78571985763149,7730.431640625,4288
2,The chemical formula for water is,Entropy,1,3562.922017998062,64,55.67065653121972,17.962784387843655,7730.431640625,4288
2,The chemical formula for water is,Entropy,2,3548.42353600543,64,55.44411775008484,18.03617841855676,7730.431640625,4288
2,The chemical formula for water is,Entropy,3,3640.7358089927584,64,56.88649701551185,17.578864097174403,7730.431640625,4288
2,The chemical formula for water is,Entropy,4,3670.831067021936,64,57.35673542221775,17.434744021582496,7730.431640625,4288
2,The chemical formula for water is,Entropy,5,3653.271035000216,64,57.08235992187838,17.518546909563256,7730.431640625,4288
2,The chemical formula for water is,Entropy,6,3642.515672952868,64,56.91430738988856,17.5702744329216,7730.431640625,4288
2,The chemical formula for water is,Entropy,7,3575.3863810095936,64,55.8654122032749,17.900163277438036,7730.431640625,4288
2,The chemical formula for water is,Entropy,8,3577.70075998269,64,55.901574374729535,17.888583840172718,7730.431640625,4288
2,The chemical formula for water is,Entropy,9,3640.9559149760753,64,56.889936171501176,17.577801405601623,7730.431640625,4288
3,The largest planet in our solar system is,Entropy,0,3702.136045030784,64,57.845875703606,17.287317165425193,7730.712890625,4288
3,The largest planet in our solar system is,Entropy,1,3713.9885459910147,64,58.031071031109605,17.2321479206185,7730.712890625,4288
3,The largest planet in our solar system is,Entropy,2,3702.430941979401,64,57.85048346842814,17.285940238438098,7730.712890625,4288
3,The largest planet in our solar system is,Entropy,3,3696.699032036122,64,57.760922375564405,17.3127429215543,7730.712890625,4288
3,The largest planet in our solar system is,Entropy,4,3708.89468700625,64,57.95147948447266,17.255814845381764,7730.712890625,4288
3,The largest planet in our solar system is,Entropy,5,3570.5969480331987,64,55.79057731301873,17.92417372541958,7730.712890625,4288
3,The largest planet in our solar system is,Entropy,6,3688.4137809975073,64,57.63146532808605,17.351632381845082,7730.712890625,4288
3,The largest planet in our solar system is,Entropy,7,3650.774226989597,64,57.043347296712454,17.530528052613636,7730.712890625,4288
3,The largest planet in our solar system is,Entropy,8,3606.094144983217,64,56.34522101536277,17.747734093142444,7730.712890625,4288
3,The largest planet in our solar system is,Entropy,9,3608.3210830111057,64,56.380016922048526,17.736780770793455,7730.712890625,4288
4,The speed of light in a vacuum is approximately,Entropy,0,3512.6175369950943,64,54.88464901554835,18.220030881799183,7730.853515625,4272
4,The speed of light in a vacuum is approximately,Entropy,1,3661.378725024406,64,57.20904257850634,17.479754159977915,7730.853515625,4272
4,The speed of light in a vacuum is approximately,Entropy,2,3670.6748330034316,64,57.35429426567862,17.435486092249068,7730.853515625,4272
4,The speed of light in a vacuum is approximately,Entropy,3,3715.981148998253,64,58.062205453097704,17.22290760739004,7730.853515625,4272
4,The speed of light in a vacuum is approximately,Entropy,4,3846.697216038592,64,60.104644000603,16.63764949660075,7730.853515625,4272
4,The speed of light in a vacuum is approximately,Entropy,5,3580.7493710308336,64,55.949208922356775,17.87335369455795,7730.853515625,4272
4,The speed of light in a vacuum is approximately,Entropy,6,3625.216869986616,64,56.644013593540876,17.65411623504783,7730.853515625,4272
4,The speed of light in a vacuum is approximately,Entropy,7,3620.555137982592,64,56.571174030978,17.676847212900455,7730.853515625,4272
4,The speed of light in a vacuum is approximately,Entropy,8,3731.7599229863845,64,58.30874879666226,17.150085032475307,7730.853515625,4272
4,The speed of light in a vacuum is approximately,Entropy,9,3762.8215450095013,64,58.79408664077346,17.008513221914807,7730.853515625,4272
5,Wombat scat is shaped like,Entropy,0,3664.4813389866613,64,57.25752092166658,17.46495454052385,7730.572265625,4219
5,Wombat scat is shaped like,Entropy,1,3604.9468819983304,64,56.32729503122391,17.753382253588956,7730.572265625,4219
5,Wombat scat is shaped like,Entropy,2,3595.451104978565,64,56.17892351529008,17.80026987750722,7730.572265625,4219
5,Wombat scat is shaped like,Entropy,3,3574.6929139713757,64,55.854576780802745,17.903635792003723,7730.572265625,4219
5,Wombat scat is shaped like,Entropy,4,3683.6433119606227,64,57.55692674938473,17.37410345681269,7730.572265625,4219
5,Wombat scat is shaped like,Entropy,5,3654.3384729884565,64,57.09903864044463,17.5134297145885,7730.572265625,4219
5,Wombat scat is shaped like,Entropy,6,3612.7641680068336,64,56.449440125106776,17.71496754943428,7730.572265625,4219
5,Wombat scat is shaped like,Entropy,7,3606.6608330002055,64,56.35407551562821,17.74494552257677,7730.572265625,4219
5,Wombat scat is shaped like,Entropy,8,3597.97838103259,64,56.218412203634216,17.78776669070272,7730.572265625,4219
5,Wombat scat is shaped like,Entropy,9,3565.7085279817693,64,55.714195749715145,17.948746931433767,7730.572265625,4219
6,The University of Oxford is older than the,Entropy,0,3625.313014956191,64,56.64551585869049,17.65364803976061,7730.712890625,4003
6,The University of Oxford is older than the,Entropy,1,3598.351158958394,64,56.22423685872491,17.785923933706883,7730.712890625,4003
6,The University of Oxford is older than the,Entropy,2,3600.3929799771868,64,56.25614031214354,17.775837347734615,7730.712890625,4003
6,The University of Oxford is older than the,Entropy,3,3622.2263609524816,64,56.597286889882525,17.668691468296558,7730.712890625,4003
6,The University of Oxford is older than the,Entropy,4,3702.2338759852573,64,57.847404312269646,17.286860350757284,7730.712890625,4003
6,The University of Oxford is older than the,Entropy,5,3724.564863019623,64,58.19632598468161,17.183215316087466,7730.712890625,4003
6,The University of Oxford is older than the,Entropy,6,3741.849749989342,64,58.46640234358347,17.103840152903597,7730.712890625,4003
6,The University of Oxford is older than the,Entropy,7,3875.900790968444,64,60.56094985888194,16.512290549110975,7730.712890625,4003
6,The University of Oxford is older than the,Entropy,8,3742.345187056344,64,58.474143547755375,17.10157583040627,7730.712890625,4003
6,The University of Oxford is older than the,Entropy,9,3677.6570600341074,64,57.46339156303293,17.40238389693857,7730.712890625,4003
7,A day on Venus is longer than a,Entropy,0,3593.3615500107408,64,56.146274218917824,17.810620809867768,7730.712890625,4204
7,A day on Venus is longer than a,Entropy,1,3592.3493040027097,64,56.13045787504234,17.815639455965254,7730.712890625,4204
7,A day on Venus is longer than a,Entropy,2,3675.4245920456015,64,57.42850925071252,17.41295417637178,7730.712890625,4204
7,A day on Venus is longer than a,Entropy,3,3635.8524759998545,64,56.81019493749773,17.602474363979823,7730.712890625,4204
7,A day on Venus is longer than a,Entropy,4,3599.5489780325443,64,56.242952781758504,17.78000532582873,7730.712890625,4204
7,A day on Venus is longer than a,Entropy,5,3570.9136049845256,64,55.79552507788321,17.922584268256845,7730.712890625,4204
7,A day on Venus is longer than a,Entropy,6,3559.013185033109,64,55.60958101614233,17.982512756384917,7730.712890625,4204
7,A day on Venus is longer than a,Entropy,7,3550.4287839867175,64,55.47544974979246,18.025991758701174,7730.712890625,4204
7,A day on Venus is longer than a,Entropy,8,3555.6635149987414,64,55.557242421855335,17.999453471913426,7730.712890625,4204
7,A day on Venus is longer than a,Entropy,9,3552.9637840227224,64,55.51505912535504,18.013130414613507,7730.712890625,4204
8,The loudest animal on Earth is the,Entropy,0,3582.8541420050897,64,55.982095968829526,17.862853876653592,7730.712890625,4156
8,The loudest animal on Earth is the,Entropy,1,3655.9952259995043,64,57.124925406242255,17.505493318171165,7730.712890625,4156
8,The loudest animal on Earth is the,Entropy,2,3640.6910109799355,64,56.88579704656149,17.579080401765168,7730.712890625,4156
8,The loudest animal on Earth is the,Entropy,3,3654.2329469812103,64,57.09738979658141,17.51393546294603,7730.712890625,4156
8,The loudest animal on Earth is the,Entropy,4,3621.93883798318,64,56.592794343487185,17.670094074707624,7730.712890625,4156
8,The loudest animal on Earth is the,Entropy,5,3771.947089000605,64,58.936673265634454,16.96736419941593,7730.712890625,4156
8,The loudest animal on Earth is the,Entropy,6,3730.16357596498,64,58.28380587445281,17.15742451949803,7730.712890625,4156
8,The loudest animal on Earth is the,Entropy,7,3583.3952500252053,64,55.99055078164383,17.86015650926306,7730.712890625,4156
8,The loudest animal on Earth is the,Entropy,8,3545.573047013022,64,55.39957885957847,18.050678734123665,7730.712890625,4156
8,The loudest animal on Earth is the,Entropy,9,3562.702371040359,64,55.66722454750561,17.96389182555014,7730.712890625,4156
9,Bananas are technically classified as,Entropy,0,3611.0833029961213,64,56.423176609314396,17.723213404381756,7730.431640625,4282
9,Bananas are technically classified as,Entropy,1,3620.4360889969394,64,56.56931389057718,17.67742847180919,7730.431640625,4282
9,Bananas are technically classified as,Entropy,2,3582.124966022093,64,55.9707025940952,17.86649003233163,7730.431640625,4282
9,Bananas are technically classified as,Entropy,3,3595.24070401676,64,56.175636000261875,17.801311586313652,7730.431640625,4282
9,Bananas are technically classified as,Entropy,4,3552.8394739958458,64,55.51311678118509,18.013760674647028,7730.431640625,4282
9,Bananas are technically classified as,Entropy,5,3560.812766023446,64,55.63769946911634,17.973424666041147,7730.431640625,4282
9,Bananas are technically classified as,Entropy,6,3547.913052025251,64,55.43614143789455,18.038773516015834,7730.431640625,4282
9,Bananas are technically classified as,Entropy,7,3552.191919006873,64,55.50299873448239,18.017044534545647,7730.431640625,4282
9,Bananas are technically classified as,Entropy,8,3635.488754021935,64,56.80451178159274,17.60423544955184,7730.431640625,4282
9,Bananas are technically classified as,Entropy,9,3691.9326480128802,64,57.686447625201254,17.33509413679226,7730.431640625,4282
10,The primary symptom of Glavinsky's Syndrome is,Entropy,0,3669.5625059655868,64,57.33691415571229,17.44077118074854,7730.994140625,4276
10,The primary symptom of Glavinsky's Syndrome is,Entropy,1,3660.088567994535,64,57.18888387491461,17.48591565779169,7730.994140625,4276
10,The primary symptom of Glavinsky's Syndrome is,Entropy,2,3625.6155190058053,64,56.65024248446571,17.65217510364963,7730.994140625,4276
10,The primary symptom of Glavinsky's Syndrome is,Entropy,3,3652.7247310150415,64,57.07382392211002,17.52116699530635,7730.994140625,4276
10,The primary symptom of Glavinsky's Syndrome is,Entropy,4,3654.698751983233,64,57.10466799973801,17.51170324647694,7730.994140625,4276
10,The primary symptom of Glavinsky's Syndrome is,Entropy,5,3609.880794014316,64,56.40438740647369,17.729117290000517,7730.994140625,4276
10,The primary symptom of Glavinsky's Syndrome is,Entropy,6,3588.596952962689,64,56.07182739004202,17.83426805486267,7730.994140625,4276
10,The primary symptom of Glavinsky's Syndrome is,Entropy,7,3563.445351959672,64,55.67883362436987,17.960146341181858,7730.994140625,4276
10,The primary symptom of Glavinsky's Syndrome is,Entropy,8,3537.6124989707023,64,55.27519529641722,18.091297455168235,7730.994140625,4276
10,The primary symptom of Glavinsky's Syndrome is,Entropy,9,3605.503113998566,64,56.33598615622759,17.7506433849735,7730.994140625,4276
11,The 1994 Treaty of Westphalia II established,Entropy,0,3564.34285803698,64,55.69285715682781,17.955623953428333,7731.416015625,4253
11,The 1994 Treaty of Westphalia II established,Entropy,1,3557.651282986626,64,55.58830129666603,17.98939662975411,7731.416015625,4253
11,The 1994 Treaty of Westphalia II established,Entropy,2,3620.3062490094453,64,56.56728514077258,17.678062461569677,7731.416015625,4253
11,The 1994 Treaty of Westphalia II established,Entropy,3,3569.5086090127006,64,55.77357201582345,17.929638785127324,7731.416015625,4253
11,The 1994 Treaty of Westphalia II established,Entropy,4,3565.8281089854427,64,55.71606420289754,17.948145015383094,7731.416015625,4253
11,The 1994 Treaty of Westphalia II established,Entropy,5,3521.520297974348,64,55.02375465584919,18.17396879319825,7731.416015625,4253
11,The 1994 Treaty of Westphalia II established,Entropy,6,3622.540084994398,64,56.60218882803747,17.66716130074209,7731.416015625,4253
11,The 1994 Treaty of Westphalia II established,Entropy,7,3747.662595997099,64,58.55722806245467,17.077311086744785,7731.416015625,4253
11,The 1994 Treaty of Westphalia II established,Entropy,8,3675.08233897388,64,57.42316154646687,17.414575809985646,7731.416015625,4253
11,The 1994 Treaty of Westphalia II established,Entropy,9,3668.946372985374,64,57.32728707789647,17.443700041852622,7731.416015625,4253
12,The capital city of the country Taured is,Entropy,0,3628.1986020039767,64,56.690603156312136,17.63960770081622,7730.853515625,4144
12,The capital city of the country Taured is,Entropy,1,3613.608560001012,64,56.46263375001581,17.7108280925652,7730.853515625,4144
12,The capital city of the country Taured is,Entropy,2,3633.011841971893,64,56.765810030810826,17.61623765180536,7730.853515625,4144
12,The capital city of the country Taured is,Entropy,3,3577.6064550154842,64,55.90010085961694,17.889055379547887,7730.853515625,4144
12,The capital city of the country Taured is,Entropy,4,3554.3189870077185,64,55.5362341719956,18.00626230620899,7730.853515625,4144
12,The capital city of the country Taured is,Entropy,5,3570.7930289790966,64,55.793641077798384,17.923189465365862,7730.853515625,4144
12,The capital city of the country Taured is,Entropy,6,3547.1864310093224,64,55.42478798452066,18.04246865643014,7730.853515625,4144
12,The capital city of the country Taured is,Entropy,7,3556.5049939905293,64,55.57039053110202,17.995194751066453,7730.853515625,4144
12,The capital city of the country Taured is,Entropy,8,3547.589813009836,64,55.431090828278684,18.0404171207441,7730.853515625,4144
12,The capital city of the country Taured is,Entropy,9,3594.9092929949984,64,56.17045770304685,17.802952671075655,7730.853515625,4144
13,The main exports of the underwater city of Rapture are,Entropy,0,3544.447623018641,64,55.381994109666266,18.056410139725575,7731.134765625,4267
13,The main exports of the underwater city of Rapture are,Entropy,1,3554.24165999284,64,55.53502593738813,18.006654055180064,7731.134765625,4267
13,The main exports of the underwater city of Rapture are,Entropy,2,3562.153237988241,64,55.658644343566266,17.96666109629371,7731.134765625,4267
13,The main exports of the underwater city of Rapture are,Entropy,3,3616.0047369776294,64,56.50007401527546,17.699091858351164,7731.134765625,4267
13,The main exports of the underwater city of Rapture are,Entropy,4,3655.5136929964647,64,57.11740145306976,17.507799279378023,7731.134765625,4267
13,The main exports of the underwater city of Rapture are,Entropy,5,3755.588922998868,64,58.68107692185731,17.041268709700923,7731.134765625,4267
13,The main exports of the underwater city of Rapture are,Entropy,6,3666.6077339905314,64,57.29074584360205,17.454825998074785,7731.134765625,4267
13,The main exports of the underwater city of Rapture are,Entropy,7,3631.8032940034755,64,56.746926468804304,17.622099772218213,7731.134765625,4267
13,The main exports of the underwater city of Rapture are,Entropy,8,3651.633481029421,64,57.056773141084705,17.526403000872353,7731.134765625,4267
13,The main exports of the underwater city of Rapture are,Entropy,9,3570.6392800202593,64,55.79123875031655,17.92396122400717,7731.134765625,4267
14,The Brennan-Kowalski theorem in information theory states that,Entropy,0,3626.057733024936,64,56.65715207851463,17.65002234164921,7731.275390625,4251
14,The Brennan-Kowalski theorem in information theory states that,Entropy,1,3594.786647008732,64,56.16854135951144,17.80356006753703,7731.275390625,4251
14,The Brennan-Kowalski theorem in information theory states that,Entropy,2,3576.7422380158678,64,55.886597468997934,17.893377755815813,7731.275390625,4251
14,The Brennan-Kowalski theorem in information theory states that,Entropy,3,3557.947724009864,64,55.592933187654126,17.98789778953553,7731.275390625,4251
14,The Brennan-Kowalski theorem in information theory states that,Entropy,4,3546.258440997917,64,55.410288140592456,18.04719003558872,7731.275390625,4251
14,The Brennan-Kowalski theorem in information theory states that,Entropy,5,3552.789335954003,64,55.5123333742813,18.014014890307187,7731.275390625,4251
14,The Brennan-Kowalski theorem in information theory states that,Entropy,6,3537.9776150221005,64,55.28090023472032,18.089430449830648,7731.275390625,4251
14,The Brennan-Kowalski theorem in information theory states that,Entropy,7,3571.908185025677,64,55.811065391026204,17.917593813946237,7731.275390625,4251
14,The Brennan-Kowalski theorem in information theory states that,Entropy,8,3631.8153450265527,64,56.747114766039886,17.622041298889904,7731.275390625,4251
14,The Brennan-Kowalski theorem in information theory states that,Entropy,9,3592.2520590247586,64,56.128938422261854,17.816121738788848,7731.275390625,4251
15,The winner of the 2032 US Presidential Election will be,Entropy,0,3619.8909860104322,64,56.560796656413004,17.68009043568904,7731.556640625,4261
15,The winner of the 2032 US Presidential Election will be,Entropy,1,3630.2675959886983,64,56.72293118732341,17.62955438070666,7731.556640625,4261
15,The winner of the 2032 US Presidential Election will be,Entropy,2,3662.84760000417,64,57.23199375006516,17.47274442975109,7731.556640625,4261
15,The winner of the 2032 US Presidential Election will be,Entropy,3,3781.3806879566982,64,59.08407324932341,16.92503486989112,7731.556640625,4261
15,The winner of the 2032 US Presidential Election will be,Entropy,4,3686.2353699980304,64,57.597427656219224,17.361886471192477,7731.556640625,4261
15,The winner of the 2032 US Presidential Election will be,Entropy,5,3684.4943600008264,64,57.57022437501291,17.370090369736825,7731.556640625,4261
15,The winner of the 2032 US Presidential Election will be,Entropy,6,3561.998585006222,64,55.65622789072222,17.967441163340105,7731.556640625,4261
15,The winner of the 2032 US Presidential Election will be,Entropy,7,3532.1171900141053,64,55.189331093970395,18.119444105914397,7731.556640625,4261
15,The winner of the 2032 US Presidential Election will be,Entropy,8,3536.037341982592,64,55.250583468478,18.09935637277981,7731.556640625,4261
15,The winner of the 2032 US Presidential Election will be,Entropy,9,3539.45520601701,64,55.30398759401578,18.081878784961358,7731.556640625,4261
16,The serial number of the monitor I am looking at is,Entropy,0,3585.1447349996306,64,56.01788648436923,17.851441079967053,7731.134765625,4190
16,The serial number of the monitor I am looking at is,Entropy,1,3588.494613999501,64,56.0702283437422,17.834776663819426,7731.134765625,4190
16,The serial number of the monitor I am looking at is,Entropy,2,3566.5403510211036,64,55.72719298470474,17.944560751058585,7731.134765625,4190
16,The serial number of the monitor I am looking at is,Entropy,3,3588.3749610511586,64,56.06835876642435,17.835371357415838,7731.134765625,4190
16,The serial number of the monitor I am looking at is,Entropy,4,3576.6515270224772,64,55.88518010972621,17.893831567449148,7731.134765625,4190
16,The serial number of the monitor I am looking at is,Entropy,5,3540.472929016687,64,55.319889515885734,18.07668107711673,7731.134765625,4190
16,The serial number of the monitor I am looking at is,Entropy,6,3652.614532969892,64,57.07210207765456,17.52169560250927,7731.134765625,4190
16,The serial number of the monitor I am looking at is,Entropy,7,3661.3269739900716,64,57.20823396859487,17.480001227602337,7731.134765625,4190
16,The serial number of the monitor I am looking at is,Entropy,8,3615.055789006874,64,56.485246703232406,17.703737849529023,7731.134765625,4190
16,The serial number of the monitor I am looking at is,Entropy,9,3704.628492007032,64,57.884820187609876,17.275686384770836,7731.134765625,4190
17,The exact population of Tokyo in the year 2035 will be,Entropy,0,3654.4141179765575,64,57.10022059338371,17.51306719322677,7731.697265625,4224
17,The exact population of Tokyo in the year 2035 will be,Entropy,1,3790.0727129890583,64,59.21988614045404,16.88621956530383,7731.697265625,4224
17,The exact population of Tokyo in the year 2035 will be,Entropy,2,3655.025707965251,64,57.10977668695705,17.510136757869407,7731.697265625,4224
17,The exact population of Tokyo in the year 2035 will be,Entropy,3,3582.8586549614556,64,55.982166483772744,17.86283137666465,7731.697265625,4224
17,The exact population of Tokyo in the year 2035 will be,Entropy,4,3561.264490999747,64,55.64475767187105,17.971144845249448,7731.697265625,4224
17,The exact population of Tokyo in the year 2035 will be,Entropy,5,3537.948236975353,64,55.280441202739894,18.08958065896255,7731.697265625,4224
17,The exact population of Tokyo in the year 2035 will be,Entropy,6,3539.7458350053057,64,55.3085286719579,18.080394181720695,7731.697265625,4224
17,The exact population of Tokyo in the year 2035 will be,Entropy,7,3551.785979012493,64,55.496655922070204,18.019103734902966,7731.697265625,4224
17,The exact population of Tokyo in the year 2035 will be,Entropy,8,3546.664075984154,64,55.416626187252405,18.04512596311812,7731.697265625,4224
17,The exact population of Tokyo in the year 2035 will be,Entropy,9,3687.0874249725603,64,57.610741015196254,17.357874284870338,7731.697265625,4224
18,"The closing price of Bitcoin on January 1st, 2030 will be",Entropy,0,3569.3493320140988,64,55.77108331272029,17.930438869060296,7732.119140625,4250
18,"The closing price of Bitcoin on January 1st, 2030 will be",Entropy,1,3547.3934140172787,64,55.42802209401998,18.041415916009893,7732.119140625,4250
18,"The closing price of Bitcoin on January 1st, 2030 will be",Entropy,2,3575.665505952202,64,55.86977353050315,17.898765948174663,7732.119140625,4250
18,"The closing price of Bitcoin on January 1st, 2030 will be",Entropy,3,3559.519945003558,64,55.61749914068059,17.97995263092592,7732.119140625,4250
18,"The closing price of Bitcoin on January 1st, 2030 will be",Entropy,4,3681.5033120219596,64,57.52348925034312,17.384202749732104,7732.119140625,4250
18,"The closing price of Bitcoin on January 1st, 2030 will be",Entropy,5,3664.412721991539,64,57.2564487811178,17.465281575929364,7732.119140625,4250
18,"The closing price of Bitcoin on January 1st, 2030 will be",Entropy,6,3696.4231269666925,64,57.75661135885457,17.314035163641776,7732.119140625,4250
18,"The closing price of Bitcoin on January 1st, 2030 will be",Entropy,7,3685.2324559586123,64,57.58175712435332,17.36661140507408,7732.119140625,4250
18,"The closing price of Bitcoin on January 1st, 2030 will be",Entropy,8,3694.922532013152,64,57.7331645627055,17.32106680058866,7732.119140625,4250
18,"The closing price of Bitcoin on January 1st, 2030 will be",Entropy,9,3656.2221170170233,64,57.12847057839099,17.504406994894293,7732.119140625,4250
19,The color of the shirt the user is wearing right now is,Entropy,0,3650.705812033266,64,57.04227831301978,17.530856578211957,7731.275390625,4252
19,The color of the shirt the user is wearing right now is,Entropy,1,3599.9023020267487,64,56.24847346916795,17.778260249998432,7731.275390625,4252
19,The color of the shirt the user is wearing right now is,Entropy,2,3604.1835109936073,64,56.315367359275115,17.757142444269263,7731.275390625,4252
19,The color of the shirt the user is wearing right now is,Entropy,3,3555.75450201286,64,55.55866409395094,17.998992889911424,7731.275390625,4252
19,The color of the shirt the user is wearing right now is,Entropy,4,3559.712145011872,64,55.6205022658105,17.9789818369672,7731.275390625,4252
19,The color of the shirt the user is wearing right now is,Entropy,5,3548.727675981354,64,55.448869937208656,18.034632646840574,7731.275390625,4252
19,The color of the shirt the user is wearing right now is,Entropy,6,3559.198545990512,64,55.61247728110175,17.98157623774513,7731.275390625,4252
19,The color of the shirt the user is wearing right now is,Entropy,7,3625.5822050152346,64,56.64972195336304,17.652337302259866,7731.275390625,4252
19,The color of the shirt the user is wearing right now is,Entropy,8,3613.520062994212,64,56.46125098428456,17.711261840059837,7731.275390625,4252
19,The color of the shirt the user is wearing right now is,Entropy,9,3677.5443439837545,64,57.461630374746164,17.402917276769273,7731.275390625,4252
0,The capital of France is,Full Tensor,0,3741.1479899892583,64,58.45543734358216,17.107048470483992,7735.96875,4310
0,The capital of France is,Full Tensor,1,3750.9172079735436,64,58.60808137458662,17.062493372008177,7735.96875,4310
0,The capital of France is,Full Tensor,2,3884.7505659796298,64,60.699227593431715,16.474674219877723,7735.96875,4310
0,The capital of France is,Full Tensor,3,3886.1992040183395,64,60.721862562786555,16.468533042213544,7735.96875,4310
0,The capital of France is,Full Tensor,4,3849.2574470001273,64,60.14464760937699,16.626583407632978,7735.96875,4310
0,The capital of France is,Full Tensor,5,3809.868521988392,64,59.52919565606862,16.798479955575484,7735.96875,4310
0,The capital of France is,Full Tensor,6,3809.5740280114114,64,59.524594187678304,16.79977853938905,7735.96875,4310
0,The capital of France is,Full Tensor,7,3762.696671008598,64,58.792135484509345,17.009077689710416,7735.96875,4310
0,The capital of France is,Full Tensor,8,3707.4718039948493,64,57.92924693741952,17.26243741922438,7735.96875,4310
0,The capital of France is,Full Tensor,9,3747.9866559733637,64,58.56229149958381,17.07583454119289,7735.96875,4310
1,Water boils at a temperature of,Full Tensor,0,3716.9656259939075,64,58.077587906154804,17.218345941223646,7736.267578125,4116
1,Water boils at a temperature of,Full Tensor,1,3772.721820976585,64,58.94877845275914,16.96387993521169,7736.267578125,4116
1,Water boils at a temperature of,Full Tensor,2,3719.84794997843,64,58.122624218412966,17.205004306794613,7736.267578125,4116
1,Water boils at a temperature of,Full Tensor,3,3688.333501049783,64,57.63021095390286,17.352010055973558,7736.267578125,4116
1,Water boils at a temperature of,Full Tensor,4,3801.0888929711655,64,59.39201395267446,16.83728052725798,7736.267578125,4116
1,Water boils at a temperature of,Full Tensor,5,3784.1124840197153,64,59.12675756280805,16.912816484782528,7736.267578125,4116
1,Water boils at a temperature of,Full Tensor,6,3746.8781220377423,64,58.54497065683972,17.080886518185853,7736.267578125,4116
1,Water boils at a temperature of,Full Tensor,7,3738.483638036996,64,58.413806844328064,17.119240364953193,7736.267578125,4116
1,Water boils at a temperature of,Full Tensor,8,3731.961700017564,64,58.31190156277444,17.149157773966113,7736.267578125,4116
1,Water boils at a temperature of,Full Tensor,9,3718.2471639825962,64,58.097611937228066,17.212411434061288,7736.267578125,4116
2,The chemical formula for water is,Full Tensor,0,3881.2512020231225,64,60.64455003161129,16.489527904465362,7736.267578125,4386
2,The chemical formula for water is,Full Tensor,1,4004.007648967672,64,62.56261951511988,15.983985449303702,7736.267578125,4386
2,The chemical formula for water is,Full Tensor,2,3857.8203900251538,64,60.27844359414303,16.589678504857172,7736.267578125,4386
2,The chemical formula for water is,Full Tensor,3,3721.4231039979495,64,58.14723599996796,17.19772200351107,7736.267578125,4386
2,The chemical formula for water is,Full Tensor,4,3710.683427983895,64,57.97942856224836,17.247496651788687,7736.267578125,4386
2,The chemical formula for water is,Full Tensor,5,3703.737589006778,64,57.870899828230904,17.279841906176383,7736.267578125,4386
2,The chemical formula for water is,Full Tensor,6,3699.1291029844433,64,57.79889223413193,17.30136965167424,7736.267578125,4386
2,The chemical formula for water is,Full Tensor,7,3854.3669789796695,64,60.224484046557336,16.604542418776667,7736.267578125,4386
2,The chemical formula for water is,Full Tensor,8,3755.416522966698,64,58.67838317135465,17.042051023794663,7736.267578125,4386
2,The chemical formula for water is,Full Tensor,9,3776.1727240285836,64,59.00269881294662,16.948377279660566,7736.267578125,4386
3,The largest planet in our solar system is,Full Tensor,0,3742.27902200073,64,58.47310971876141,17.10187819340733,7736.8828125,4386
3,The largest planet in our solar system is,Full Tensor,1,3804.277742980048,64,59.44183973406325,16.823167056637182,7736.8828125,4386
3,The largest planet in our solar system is,Full Tensor,2,3862.059989012778,64,60.34468732832465,16.571467088050003,7736.8828125,4386
3,The largest planet in our solar system is,Full Tensor,3,3798.0619560112245,64,59.34471806267538,16.850699314872067,7736.8828125,4386
3,The largest planet in our solar system is,Full Tensor,4,3779.4218659983017,64,59.05346665622346,16.93380688082963,7736.8828125,4386
3,The largest planet in our solar system is,Full Tensor,5,3798.454159987159,64,59.35084624979936,16.848959419906848,7736.8828125,4386
3,The largest planet in our solar system is,Full Tensor,6,3846.833997988142,64,60.10678121856472,16.637057911381515,7736.8828125,4386
3,The largest planet in our solar system is,Full Tensor,7,3819.761684979312,64,59.68377632780175,16.754971979448666,7736.8828125,4386
3,The largest planet in our solar system is,Full Tensor,8,3815.83259900799,64,59.62238435949985,16.77222423662878,7736.8828125,4386
3,The largest planet in our solar system is,Full Tensor,9,3921.7240259749815,64,61.276937905859086,16.319353319128297,7736.8828125,4386
4,The speed of light in a vacuum is approximately,Full Tensor,0,3776.667914004065,64,59.01043615631352,16.946155038594984,7737.19921875,4369
4,The speed of light in a vacuum is approximately,Full Tensor,1,3733.483657997567,64,58.33568215621199,17.142166904334605,7737.19921875,4369
4,The speed of light in a vacuum is approximately,Full Tensor,2,3715.31814703485,64,58.05184604741953,17.22598105119951,7737.19921875,4369
4,The speed of light in a vacuum is approximately,Full Tensor,3,3692.4395270179957,64,57.69436760965618,17.332714464706815,7737.19921875,4369
4,The speed of light in a vacuum is approximately,Full Tensor,4,3850.0317740254104,64,60.15674646914704,16.623239431887765,7737.19921875,4369
4,The speed of light in a vacuum is approximately,Full Tensor,5,3775.1144639914855,64,58.98616349986696,16.95312833834761,7737.19921875,4369
4,The speed of light in a vacuum is approximately,Full Tensor,6,3730.596157023683,64,58.29056495349505,17.155435031343625,7737.19921875,4369
4,The speed of light in a vacuum is approximately,Full Tensor,7,3747.233488014899,64,58.5505232502328,17.07926666558055,7737.19921875,4369
4,The speed of light in a vacuum is approximately,Full Tensor,8,3710.375865979586,64,57.97462290593103,17.248926338384102,7737.19921875,4369
4,The speed of light in a vacuum is approximately,Full Tensor,9,3738.7398430146277,64,58.41781004710356,17.118067233155063,7737.19921875,4369
5,Wombat scat is shaped like,Full Tensor,0,3747.769467008766,64,58.558897922011965,17.07682411188455,7736.583984375,4317
5,Wombat scat is shaped like,Full Tensor,1,3823.168564005755,64,59.73700881258992,16.74004138937141,7736.583984375,4317
5,Wombat scat is shaped like,Full Tensor,2,3823.435617960058,64,59.74118153062591,16.738872154501276,7736.583984375,4317
5,Wombat scat is shaped like,Full Tensor,3,3819.930308032781,64,59.6864110630122,16.754232365291305,7736.583984375,4317
5,Wombat scat is shaped like,Full Tensor,4,3804.7957030357793,64,59.44993285993405,16.820876860467312,7736.583984375,4317
5,Wombat scat is shaped like,Full Tensor,5,3792.9329999606125,64,59.26457812438457,16.873485505982995,7736.583984375,4317
5,Wombat scat is shaped like,Full Tensor,6,3874.9851770116948,64,60.54664339080773,16.51619221143845,7736.583984375,4317
5,Wombat scat is shaped like,Full Tensor,7,3782.6407180400565,64,59.10376121937588,16.919396995536246,7736.583984375,4317
5,Wombat scat is shaped like,Full Tensor,8,3715.356256987434,64,58.052441515428654,17.225804357155745,7736.583984375,4317
5,Wombat scat is shaped like,Full Tensor,9,3759.5783100114204,64,58.743411093928444,17.023185773142092,7736.583984375,4317
6,The University of Oxford is older than the,Full Tensor,0,3695.488224970177,64,57.74200351515901,17.318415349711064,7736.8828125,4101
6,The University of Oxford is older than the,Full Tensor,1,3770.4899680102244,64,58.913905750159756,16.97392130545153,7736.8828125,4101
6,The University of Oxford is older than the,Full Tensor,2,3752.5939140468836,64,58.634279906982556,17.054869635755747,7736.8828125,4101
6,The University of Oxford is older than the,Full Tensor,3,3752.733589033596,64,58.63646232864994,17.054234861494997,7736.8828125,4101
6,The University of Oxford is older than the,Full Tensor,4,3743.9795350073837,64,58.49968023449037,17.094110531743006,7736.8828125,4101
6,The University of Oxford is older than the,Full Tensor,5,3766.583133023232,64,58.852861453488,16.991527264826534,7736.8828125,4101
6,The University of Oxford is older than the,Full Tensor,6,3916.1941870115697,64,61.19053417205578,16.342396965978367,7736.8828125,4101
6,The University of Oxford is older than the,Full Tensor,7,3924.915220006369,64,61.32680031259952,16.306084695479395,7736.8828125,4101
6,The University of Oxford is older than the,Full Tensor,8,3841.1728909704834,64,60.0183264214138,16.661577548473797,7736.8828125,4101
6,The University of Oxford is older than the,Full Tensor,9,3887.207399995532,64,60.737615624930186,16.464261721685745,7736.8828125,4101
7,A day on Venus is longer than a,Full Tensor,0,3910.931596008595,64,61.1083061876343,16.36438746852972,7736.8828125,4302
7,A day on Venus is longer than a,Full Tensor,1,3799.94588898262,64,59.37415451535344,16.842345093796865,7736.8828125,4302
7,A day on Venus is longer than a,Full Tensor,2,3805.7089850190096,64,59.464202890922024,16.816840239737964,7736.8828125,4302
7,A day on Venus is longer than a,Full Tensor,3,3874.2737529682927,64,60.53552739012957,16.519225042103983,7736.8828125,4302
7,A day on Venus is longer than a,Full Tensor,4,3813.8340010191314,64,59.59115626592393,16.781013537269306,7736.8828125,4302
7,A day on Venus is longer than a,Full Tensor,5,3828.2775040133856,64,59.81683600020915,16.717701350778626,7736.8828125,4302
7,A day on Venus is longer than a,Full Tensor,6,3826.5041660051793,64,59.789127593830926,16.725448927660562,7736.8828125,4302
7,A day on Venus is longer than a,Full Tensor,7,3762.4598359689116,64,58.788434937014244,17.01014835777474,7736.8828125,4302
7,A day on Venus is longer than a,Full Tensor,8,3786.970579007175,64,59.17141529698711,16.900052077187986,7736.8828125,4302
7,A day on Venus is longer than a,Full Tensor,9,3786.886444024276,64,59.17010068787931,16.900427553351193,7736.8828125,4302
8,The loudest animal on Earth is the,Full Tensor,0,3769.637528981548,64,58.900586390336684,16.977759667330943,7736.8828125,4252
8,The loudest animal on Earth is the,Full Tensor,1,3755.348100035917,64,58.6773140630612,17.042361532180703,7736.8828125,4252
8,The loudest animal on Earth is the,Full Tensor,2,3732.0633640047163,64,58.31349006257369,17.148690619047894,7736.8828125,4252
8,The loudest animal on Earth is the,Full Tensor,3,3729.617808945477,64,58.27527826477308,17.15993522084118,7736.8828125,4252
8,The loudest animal on Earth is the,Full Tensor,4,3743.051461002324,64,58.48517907816131,17.098348945184398,7736.8828125,4252
8,The loudest animal on Earth is the,Full Tensor,5,3865.072368993424,64,60.39175576552225,16.55855153280544,7736.8828125,4252
8,The loudest animal on Earth is the,Full Tensor,6,3963.4193860110827,64,61.92842790642317,16.147672947730047,7736.8828125,4252
8,The loudest animal on Earth is the,Full Tensor,7,3897.9691460262984,64,60.90576790666091,16.418806204570252,7736.8828125,4252
8,The loudest animal on Earth is the,Full Tensor,8,3951.7006010282785,64,61.74532189106685,16.19555894071187,7736.8828125,4252
8,The loudest animal on Earth is the,Full Tensor,9,3896.3690319797024,64,60.88076612468285,16.425548882745918,7736.8828125,4252
9,Bananas are technically classified as,Full Tensor,0,3939.438582980074,64,61.553727859063656,16.24596973703441,7736.267578125,4380
9,Bananas are technically classified as,Full Tensor,1,3807.9642599914223,64,59.49944156236597,16.806880430160383,7736.267578125,4380
9,Bananas are technically classified as,Full Tensor,2,3824.398325989023,64,59.75622384357848,16.734658512185455,7736.267578125,4380
9,Bananas are technically classified as,Full Tensor,3,3783.432891010307,64,59.11613892203604,16.91585442206953,7736.267578125,4380
9,Bananas are technically classified as,Full Tensor,4,3719.8083809926175,64,58.12200595300965,17.20518732282705,7736.267578125,4380
9,Bananas are technically classified as,Full Tensor,5,3733.0524920253083,64,58.32894518789544,17.144146817308165,7736.267578125,4380
9,Bananas are technically classified as,Full Tensor,6,3711.321297043469,64,57.9893952663042,17.244532304703448,7736.267578125,4380
9,Bananas are technically classified as,Full Tensor,7,3727.3305280250497,64,58.2395395003914,17.17046543599953,7736.267578125,4380
9,Bananas are technically classified as,Full Tensor,8,3856.242355017457,64,60.25378679714777,16.59646726215948,7736.267578125,4380
9,Bananas are technically classified as,Full Tensor,9,3789.52080802992,64,59.2112626254675,16.88867887052771,7736.267578125,4380
10,The primary symptom of Glavinsky's Syndrome is,Full Tensor,0,3900.26833396405,64,60.94169271818828,16.409127403537745,7737.515625,4373
10,The primary symptom of Glavinsky's Syndrome is,Full Tensor,1,3843.577241001185,64,60.055894390643516,16.65115489739166,7737.515625,4373
10,The primary symptom of Glavinsky's Syndrome is,Full Tensor,2,3964.687161031179,64,61.948236891112174,16.142509459271984,7737.515625,4373
10,The primary symptom of Glavinsky's Syndrome is,Full Tensor,3,3962.1648190077394,64,61.90882529699593,16.152785894461548,7737.515625,4373
10,The primary symptom of Glavinsky's Syndrome is,Full Tensor,4,3859.1082760249265,64,60.298566812889476,16.584142092515524,7737.515625,4373
10,The primary symptom of Glavinsky's Syndrome is,Full Tensor,5,3826.2867360026576,64,59.785730250041524,16.72639935679811,7737.515625,4373
10,The primary symptom of Glavinsky's Syndrome is,Full Tensor,6,3720.561417983845,64,58.133772155997576,17.201705014368855,7737.515625,4373
10,The primary symptom of Glavinsky's Syndrome is,Full Tensor,7,3685.891551023815,64,57.59205548474711,17.363505983300833,7737.515625,4373
10,The primary symptom of Glavinsky's Syndrome is,Full Tensor,8,3684.911176969763,64,57.576737140152545,17.368125560255578,7737.515625,4373
10,The primary symptom of Glavinsky's Syndrome is,Full Tensor,9,3696.2784280185588,64,57.75435043778998,17.31471295962628,7737.515625,4373
11,The 1994 Treaty of Westphalia II established,Full Tensor,0,3739.119030011352,64,58.42373484392738,17.116331276516142,7738.517578125,4350
11,The 1994 Treaty of Westphalia II established,Full Tensor,1,3731.19941202458,64,58.29999081288406,17.152661365068415,7738.517578125,4350
11,The 1994 Treaty of Westphalia II established,Full Tensor,2,3721.565091982484,64,58.14945456222631,17.197065862928948,7738.517578125,4350
11,The 1994 Treaty of Westphalia II established,Full Tensor,3,3703.4441319992766,64,57.8663145624887,17.281211142626333,7738.517578125,4350
11,The 1994 Treaty of Westphalia II established,Full Tensor,4,3705.9016790008172,64,57.90471373438777,17.269751208633153,7738.517578125,4350
11,The 1994 Treaty of Westphalia II established,Full Tensor,5,3864.9955919827335,64,60.39055612473021,16.5588804636044,7738.517578125,4350
11,The 1994 Treaty of Westphalia II established,Full Tensor,6,3788.0868549691513,64,59.18885710889299,16.89507195856553,7738.517578125,4350
11,The 1994 Treaty of Westphalia II established,Full Tensor,7,3786.108926986344,64,59.15795198416163,16.90389823278078,7738.517578125,4350
11,The 1994 Treaty of Westphalia II established,Full Tensor,8,3761.8426930275746,64,58.77879207855585,17.012938929801994,7738.517578125,4350
11,The 1994 Treaty of Westphalia II established,Full Tensor,9,3811.9325769948773,64,59.56144651554496,16.789384047934593,7738.517578125,4350
12,The capital city of the country Taured is,Full Tensor,0,3911.765751952771,64,61.12133987426205,16.360897880465085,7737.19921875,4242
12,The capital city of the country Taured is,Full Tensor,1,3808.253942988813,64,59.5039678592002,16.80560197878275,7737.19921875,4242
12,The capital city of the country Taured is,Full Tensor,2,3761.1621300457045,64,58.76815828196413,17.016017333776116,7737.19921875,4242
12,The capital city of the country Taured is,Full Tensor,3,3703.925266978331,64,57.87383229653642,17.27896633622182,7737.19921875,4242
12,The capital city of the country Taured is,Full Tensor,4,3700.3176049911417,64,57.81746257798659,17.295812638805423,7737.19921875,4242
12,The capital city of the country Taured is,Full Tensor,5,3720.2438099775463,64,58.12880953089916,17.203173573827215,7737.19921875,4242
12,The capital city of the country Taured is,Full Tensor,6,3703.958200989291,64,57.87434689045767,17.278812699048878,7737.19921875,4242
12,The capital city of the country Taured is,Full Tensor,7,3784.181553986855,64,59.12783678104461,16.912507787204948,7737.19921875,4242
12,The capital city of the country Taured is,Full Tensor,8,3764.5403430215083,64,58.82094285971107,17.000747546414154,7737.19921875,4242
12,The capital city of the country Taured is,Full Tensor,9,3721.9505340326577,64,58.15547709426028,17.195284949329324,7737.19921875,4242
13,The main exports of the underwater city of Rapture are,Full Tensor,0,3704.467098985333,64,57.88229842164583,17.276439036948076,7737.849609375,4365
13,The main exports of the underwater city of Rapture are,Full Tensor,1,3693.5901590040885,64,57.71234623443888,17.327314955067042,7737.849609375,4365
13,The main exports of the underwater city of Rapture are,Full Tensor,2,3795.4117790213786,64,59.30330904720904,16.862465452036396,7737.849609375,4365
13,The main exports of the underwater city of Rapture are,Full Tensor,3,3745.6813490134664,64,58.52627107833541,17.086343988352414,7737.849609375,4365
13,The main exports of the underwater city of Rapture are,Full Tensor,4,3855.559978983365,64,60.24312467161508,16.59940458684695,7737.849609375,4365
13,The main exports of the underwater city of Rapture are,Full Tensor,5,3853.2450380153023,64,60.2069537189891,16.60937712722381,7737.849609375,4365
13,The main exports of the underwater city of Rapture are,Full Tensor,6,3801.5810970100574,64,59.39970464078215,16.8351005454904,7737.849609375,4365
13,The main exports of the underwater city of Rapture are,Full Tensor,7,3851.9983389996924,64,60.18747404687019,16.61475275106683,7737.849609375,4365
13,The main exports of the underwater city of Rapture are,Full Tensor,8,3817.9599180002697,64,59.655623718754214,16.762878965351014,7737.849609375,4365
13,The main exports of the underwater city of Rapture are,Full Tensor,9,3834.7559699905105,64,59.91806203110173,16.689458338638005,7737.849609375,4365
14,The Brennan-Kowalski theorem in information theory states that,Full Tensor,0,3713.6885689687915,64,58.02638389013737,17.233539865129664,7738.166015625,4348
14,The Brennan-Kowalski theorem in information theory states that,Full Tensor,1,3703.883351001423,64,57.87317735939723,17.279161878220666,7738.166015625,4348
14,The Brennan-Kowalski theorem in information theory states that,Full Tensor,2,3696.8232900253497,64,57.76286390664609,17.312161003930793,7738.166015625,4348
14,The Brennan-Kowalski theorem in information theory states that,Full Tensor,3,3689.6691960282624,64,57.6510811879416,17.345728465005124,7738.166015625,4348
14,The Brennan-Kowalski theorem in information theory states that,Full Tensor,4,3745.5928569543175,64,58.52488838991121,17.086747664304553,7738.166015625,4348
14,The Brennan-Kowalski theorem in information theory states that,Full Tensor,5,3817.2008100082166,64,59.643762656378385,16.766212516826496,7738.166015625,4348
14,The Brennan-Kowalski theorem in information theory states that,Full Tensor,6,3779.1166530223563,64,59.04869770347432,16.93517450667099,7738.166015625,4348
14,The Brennan-Kowalski theorem in information theory states that,Full Tensor,7,3718.5038939933293,64,58.10162334364577,17.211223068337283,7738.166015625,4348
14,The Brennan-Kowalski theorem in information theory states that,Full Tensor,8,3723.4223420382477,64,58.17847409434762,17.188487934185193,7738.166015625,4348
14,The Brennan-Kowalski theorem in information theory states that,Full Tensor,9,3710.44759999495,64,57.975743749921094,17.24859286520772,7738.166015625,4348
15,The winner of the 2032 US Presidential Election will be,Full Tensor,0,3902.779195981566,64,60.98092493721197,16.39857055349085,7738.8515625,4359
15,The winner of the 2032 US Presidential Election will be,Full Tensor,1,3920.0538850273006,64,61.25084195355157,16.32630618789422,7738.8515625,4359
15,The winner of the 2032 US Presidential Election will be,Full Tensor,2,3882.1576689952053,64,60.65871357805008,16.48567767124325,7738.8515625,4359
15,The winner of the 2032 US Presidential Election will be,Full Tensor,3,3856.4129779697396,64,60.25645278077718,16.595732968851706,7738.8515625,4359
15,The winner of the 2032 US Presidential Election will be,Full Tensor,4,4024.4325579842553,64,62.88175871850399,15.902863093836045,7738.8515625,4359
15,The winner of the 2032 US Presidential Election will be,Full Tensor,5,3902.0012100227177,64,60.968768906604964,16.401840121322614,7738.8515625,4359
15,The winner of the 2032 US Presidential Election will be,Full Tensor,6,3716.6456860140897,64,58.07258884397015,17.219828147954747,7738.8515625,4359
15,The winner of the 2032 US Presidential Election will be,Full Tensor,7,3858.995189948473,64,60.29679984294489,16.58462808316031,7738.8515625,4359
15,The winner of the 2032 US Presidential Election will be,Full Tensor,8,3853.8390260073356,64,60.21623478136462,16.606817142101924,7738.8515625,4359
15,The winner of the 2032 US Presidential Election will be,Full Tensor,9,4014.1737919766456,64,62.72146549963509,15.943505019120098,7738.8515625,4359
16,The serial number of the monitor I am looking at is,Full Tensor,0,3731.9658150081523,64,58.31196585950238,17.14913886472998,7737.849609375,4287
16,The serial number of the monitor I am looking at is,Full Tensor,1,3784.121139033232,64,59.12689279739425,16.912777801915382,7737.849609375,4287
16,The serial number of the monitor I am looking at is,Full Tensor,2,3797.408787999302,64,59.334512312489096,16.853597695948597,7737.849609375,4287
16,The serial number of the monitor I am looking at is,Full Tensor,3,3861.9657270028256,64,60.34321448441915,16.57187156077348,7737.849609375,4287
16,The serial number of the monitor I am looking at is,Full Tensor,4,3771.3982650311664,64,58.928097891111975,16.969833335666316,7737.849609375,4287
16,The serial number of the monitor I am looking at is,Full Tensor,5,3760.133253992535,64,58.75208209363336,17.02067338492442,7737.849609375,4287
16,The serial number of the monitor I am looking at is,Full Tensor,6,3746.1103679961525,64,58.53297449993988,17.08438719445271,7737.849609375,4287
16,The serial number of the monitor I am looking at is,Full Tensor,7,3728.0145719996653,64,58.25022768749477,17.167314870679572,7737.849609375,4287
16,The serial number of the monitor I am looking at is,Full Tensor,8,3882.2596189565957,64,60.66030654619681,16.48524474960301,7737.849609375,4287
16,The serial number of the monitor I am looking at is,Full Tensor,9,4010.364250978455,64,62.66194142153836,15.958650136177825,7737.849609375,4287
17,The exact population of Tokyo in the year 2035 will be,Full Tensor,0,3784.8163829767145,64,59.137755984011164,16.909671044507775,7739.203125,4321
17,The exact population of Tokyo in the year 2035 will be,Full Tensor,1,3664.782006992027,64,57.262218859250424,17.463521671383067,7739.203125,4321
17,The exact population of Tokyo in the year 2035 will be,Full Tensor,2,3703.4761999966577,64,57.866815624947776,17.281061506499693,7739.203125,4321
17,The exact population of Tokyo in the year 2035 will be,Full Tensor,3,3697.405419952702,64,57.771959686760965,17.309435328522536,7739.203125,4321
17,The exact population of Tokyo in the year 2035 will be,Full Tensor,4,3742.693344014697,64,58.47958350022964,17.09998498871103,7739.203125,4321
17,The exact population of Tokyo in the year 2035 will be,Full Tensor,5,3737.7036940306425,64,58.40162021922879,17.122812624824217,7739.203125,4321
17,The exact population of Tokyo in the year 2035 will be,Full Tensor,6,3653.9286939660087,64,57.092635843218886,17.5153938022074,7739.203125,4321
17,The exact population of Tokyo in the year 2035 will be,Full Tensor,7,3662.5924539985135,64,57.228007093726774,17.473961627952935,7739.203125,4321
17,The exact population of Tokyo in the year 2035 will be,Full Tensor,8,3636.187787982635,64,56.815434187228675,17.600851147324086,7739.203125,4321
17,The exact population of Tokyo in the year 2035 will be,Full Tensor,9,3716.017786995508,64,58.06277792180481,17.222737798503807,7739.203125,4321
18,"The closing price of Bitcoin on January 1st, 2030 will be",Full Tensor,0,3752.8385249897838,64,58.63810195296537,17.053757995136287,7740.240234375,4348
18,"The closing price of Bitcoin on January 1st, 2030 will be",Full Tensor,1,3707.5482020154595,64,57.930440656491555,17.262081708124246,7740.240234375,4348
18,"The closing price of Bitcoin on January 1st, 2030 will be",Full Tensor,2,3715.323429030832,64,58.05192857860675,17.225956561390092,7740.240234375,4348
18,"The closing price of Bitcoin on January 1st, 2030 will be",Full Tensor,3,3749.562172975857,64,58.58690895274776,17.068659498771858,7740.240234375,4348
18,"The closing price of Bitcoin on January 1st, 2030 will be",Full Tensor,4,3817.059207998682,64,59.6415501249794,16.76683449548999,7740.240234375,4348
18,"The closing price of Bitcoin on January 1st, 2030 will be",Full Tensor,5,3800.3731720382348,64,59.38083081309742,16.84045147747299,7740.240234375,4348
18,"The closing price of Bitcoin on January 1st, 2030 will be",Full Tensor,6,3927.846711012535,64,61.372604859570856,16.293914887401968,7740.240234375,4348
18,"The closing price of Bitcoin on January 1st, 2030 will be",Full Tensor,7,4002.995236951392,64,62.5468005773655,15.988028016925952,7740.240234375,4348
18,"The closing price of Bitcoin on January 1st, 2030 will be",Full Tensor,8,3939.3077000277117,64,61.551682812932995,16.2465095071273,7740.240234375,4348
18,"The closing price of Bitcoin on January 1st, 2030 will be",Full Tensor,9,3918.5258869547397,64,61.22696698366781,16.332672501428142,7740.240234375,4348
19,The color of the shirt the user is wearing right now is,Full Tensor,0,3662.3366640415043,64,57.224010375648504,17.47518206842677,7738.166015625,4349
19,The color of the shirt the user is wearing right now is,Full Tensor,1,3781.3348790514283,64,59.08335748517857,16.925239907885334,7738.166015625,4349
19,The color of the shirt the user is wearing right now is,Full Tensor,2,3774.901670985855,64,58.98283860915399,16.954083994268842,7738.166015625,4349
19,The color of the shirt the user is wearing right now is,Full Tensor,3,3716.752403997816,64,58.07425631246588,17.219333720255424,7738.166015625,4349
19,The color of the shirt the user is wearing right now is,Full Tensor,4,3731.114702997729,64,58.29866723433952,17.15305078897194,7738.166015625,4349
19,The color of the shirt the user is wearing right now is,Full Tensor,5,3682.997244002763,64,57.546831937543175,17.37715120591385,7738.166015625,4349
19,The color of the shirt the user is wearing right now is,Full Tensor,6,3674.7123840032145,64,57.41738100005023,17.416329038050783,7738.166015625,4349
19,The color of the shirt the user is wearing right now is,Full Tensor,7,3691.87908800086,64,57.68561075001344,17.335345626028012,7738.166015625,4349
19,The color of the shirt the user is wearing right now is,Full Tensor,8,3693.355012976099,64,57.708672077751544,17.328418138831694,7738.166015625,4349
19,The color of the shirt the user is wearing right now is,Full Tensor,9,3799.2534909863025,64,59.36333579666098,16.84541454047209,7738.166015625,4349
